"group","V1","V2"
"A",47.9487,77.5641
"H",27.3388689181,51.6530467544
"C",44.8499842618,70.3952029719
"B",39.8112302539,65.3348328092
"E",80.3124913784,NA
"C",42.7390751173,50.483155992
"H",52.6849534438,51.2944692191
"E",68.686593294,62.2373439902
"F",39.0874644519,15.1223039378
"M",NA,52.6846691452
"A",49.7436,17.5641
"C",66.7699466213,70.4233752108
"C",57.0533061394,10.5140692392
"I",54.2564023808,79.3138648504
"G",39.7363306065,23.4948069772
"B",34.3983616372,59.5444469033
"G",NA,71.9733600919
"M",66.3377850519,33.3065100022
"M",72.0362880189,69.7160484161
"D",69.5038013697,81.8154056166
"E",82.6701124763,81.711479845
"A",53.0769,85.2564
"G",96.0805193672,28.0536005018
"J",36.03340215,53.371687755
"L",55.0455549106,45.9862727459
"E",41.7873232275,NA
"F",68.9880844294,63.232147305
"G",59.0674270249,26.7882840217
"H",76.8780819814,51.8675622958
"H",75.8709908356,17.1348939075
"L",55.1058961252,46.1490510561
"I",63.394712866,17.7005351354
"B",57.4660505497,1.50441817488
"I",75.6742073297,24.7825009657
"B",75.8552294691,62.5170442862
"K",NA,83.7833976656
"J",70.0427352449,80.3850213547
"D",30.5015964737,82.3071263462
"H",77.0833377719,52.1577992662
"B",78.0794214417,93.1333167652
"J",54.7141710591,84.0431280734
"I",36.4688894772,21.8761144725
"H",27.8782642594,50.70890793
"F",58.082020494,92.0081450101
"D",NA,79.8348944011
"G",79.7001583481,20.740218365
"L",46.9095386323,85.6022611586
"E",40.6437192795,20.2408613716
"D",30.4921854231,55.8789168923
"C",53.116915041,10.5068605973
"I",25.2137904611,NA
"A",55.1282,40.641
"J",NA,13.9943105293
"A",50.5128,9.4872
"B",NA,30.8321939163
"I",30.8894308257,26.3290372348
"G",56.7891043639,17.3061155207
"K",65.6763960251,35.1093154301
"I",52.7512222162,79.2936599344
"K",29.292783111,59.79199693
"H",50.4492703306,83.9699203811
"E",79.221764441,22.0945914837
"I",26.4592623274,62.6346733709
"E",40.622115916,78.5421042089
"I",61.8265465579,17.2696554452
"L",37.5437012597,32.8840244657
"C",46.6883404976,10.5075321353
"L",39.8853734176,90.6346620817
"I",47.875198343,NA
"K",46.2647413368,94.1161921613
"H",52.729246581,51.2017650475
"H",50.9189408654,17.1476047571
"I",75.6865711383,24.7415103908
"A",46.1538,94.4872
"B",NA,42.75961287
"L",51.487713355,20.8436106875
"J",91.5078881747,53.3126520851
"L",49.8420222483,50.5765522936
"J",50.9677483784,29.6797742875
"K",31.0329174395,28.9281418896
"A",33.5897,41.4103
"K",49.0409566406,77.3625832678
"G",59.8469248931,26.1777124879
"B",78.7742390407,NA
"K",55.761587372,54.0305172396
"B",NA,81.5542049945
"L",44.0774051326,NA
"E",44.3247788435,71.0459044019
"H",75.2633555474,82.9452793018
"C",54.6809865825,89.9645994589
"A",68.4615,5.2564
"L",NA,29.3110927191
"M",39.2194529062,83.5434818364
"G",76.7457612243,71.9733600919
"L",52.4066488967,96.4254150057
"J",36.916543863,41.0952474383
"B",32.1464623358,43.4817094425
"G",70.8104148392,79.3504618327
"H",50.4355295722,17.0651685025
"J",63.4973230835,11.9140691707
"A",31.2821,62.5641
"B",52.0334562787,64.5666620298
"A",51.5385,34.8718
"C",63.3095540306,10.4888142392
"K",30.4043143388,29.0795399241
"M",66.3880173202,89.2812304744
"D",50.4815081703,93.2227013657
"C",26.3314570795,50.494556525
"H",50.4770477213,17.0482894119
"H",50.2166950326,83.7523429676
"D",89.5001240511,53.2163306165
"J",51.599848153,84.8198214898
"L",47.3748964954,83.4715555182
"K",42.53480844,10.1698684594
"A",48.7179,14.8718
"H",NA,82.9148911324
"D",50.4975722411,7.40962523419
"D",89.4942005622,62.2343269676
"D",69.5010445197,5.95583353945
"A",51.2821,78.718
"A",53.8462,80.641
"J",70.236869515,82.1711510621
"D",50.4483013392,NA
"M",34.2333554347,22.4959116015
"B",43.4904501336,40.782542065
"C",48.4422995026,30.5017227753
"C",35.6673163042,30.522035054
"M",63.9469519836,18.6928454476
"G",NA,20.6941731019
"E",44.5173339492,70.3693498252
"J",36.4819805699,15.1627600944
"G",40.0500951983,71.8890335708
"B",67.7597962473,72.4212015285
"B",67.6707164012,NA
"A",66.9231,10.641
"B",68.5077081898,15.4569189652
"C",42.2422929389,89.7085785936
"D",69.5191157281,71.1159672213
"M",67.0265507063,76.2225153324
"C",76.696465628,50.4938305609
"G",47.0937298879,26.9934706312
"K",61.6185682473,13.4108227184
"J",48.9930401201,32.0303588363
"A",22.3077,57.1795
"D",30.45024833,79.8348944011
"J",46.9570801494,65.2404073935
"I",31.1686007236,69.2454213193
"E",68.942075458,62.635150577
"I",33.4461829314,24.1906434075
"K",90.4418181137,40.1331134204
"F",43.7225508034,19.0773278036
"F",76.7318493982,16.2168461441
"E",37.5620763361,11.9284457044
"E",37.2246101278,17.9800644828
"J",73.4286708654,48.5778551303
"C",58.6693732631,30.5068378948
"L",53.8098729164,17.7664144512
"L",63.0168717563,NA
"H",25.5834750822,82.9148911324
"H",75.1945668739,82.9321157846
"I",82.1443116037,33.1952218669
"F",56.5313372853,NA
"A",60,10.641
"K",44.7595874356,41.9746066134
"K",NA,28.0517363383
"M",72.9981862717,59.6656447092
"J",59.5030766063,30.6696739448
"B",NA,84.6829549336
"G",92.2484016622,32.3771544295
"E",42.8267563374,25.5569594065
"M",31.0900650789,32.3837547196
"G",58.2704123843,35.5968950425
"I",43.046183241,18.4025593948
"M",67.6614312657,51.0685845873
"K",62.4237785929,33.4865952868
"G",45.8019347617,81.6582677456
"J",20.6891490538,62.7213052064
"M",NA,35.7175447772
"D",69.5193397556,47.384533707
"F",77.5847398447,15.8300393854
"H",76.9954121013,52.0455286534
"L",54.8635045999,14.009611915
"F",66.2878905956,26.1171097453
"G",92.2478988278,28.0707514904
"J",33.0082339121,15.9850714584
"K",55.9059162338,54.2526725342
"F",29.6027609801,60.157346722
"J",37.3104527352,45.2587508999
"G",63.6093798555,83.3600288362
"I",36.4688894772,NA
"B",49.2572183396,NA
"E",77.1636254828,73.5237189623
"A",57.4359,55.2564
"E",66.512924456,59.0712818478
"D",50.3774019862,16.5060150613
"F",41.6404540171,27.0930954213
"F",32.4618467439,62.8819029189
"A",56.1538,82.9487
"G",72.8336258709,72.1146938095
"A",38.2051,49.1026
"L",37.4770138847,NA
"I",65.1181219632,77.3991884543
"A",30,29.1026
"D",50.253683689,81.7438287242
"K",61.5868424253,11.0275858356
"B",30.3918276596,42.75961287
"G",28.2178118248,NA
"I",85.66476066,45.5427527692
"C",42.4484337816,89.5077001153
"L",53.1786144535,98.6038611855
"J",45.4691770035,NA
"M",66.5493579687,67.7255886599
"L",36.5234892198,35.6710483891
"G",57.662276619,24.0606079328
"K",65.7766651568,16.7876560655
"F",44.0539275103,33.5563924949
"L",90.700691247,41.4667030063
"H",75.573954129,17.0621921415
"L",18.1094722949,53.7081103324
"F",77.9726106776,14.9556987461
"B",72.5093283599,39.5401302526
"C",NA,89.7319325216
"K",54.1331954613,83.7939960824
"G",28.0376027706,26.8038243613
"A",50,85.2564
"K",61.1203943844,88.7040529069
"F",77.8990579454,51.8224583343
"G",32.2151786343,65.6009580191
"C",65.4144870523,10.6818401251
"G",NA,17.3061155207
"A",30,36.7949
"K",47.4421116354,98.1843018589
"K",54.8117983683,6.56964870325
"H",50.6617795563,17.0781405153
"L",59.8526782804,9.03994992133
"K",54.3894952619,53.811901225
"E",34.1409410386,4.57766135024
"C",34.6254702671,30.4997410297
"I",73.0318330209,73.12057473
"H",52.5093008862,51.4162051508
"D",NA,97.1938760167
"H",26.2014192753,17.0938239128
"C",32.3789386326,90.144142631
"G",64.0670962137,27.7765005568
"A",29.7436,NA
"L",49.8069877356,82.085025592
"C",32.0371080007,50.5000661229
"I",56.265834263,79.2529394854
"C",49.5858434795,50.4349813825
"G",57.662276619,NA
"L",77.4490021363,NA
"J",70.2554746739,13.2503849689
"L",32.3759619238,68.5108204552
"H",75.8709636929,88.3864417377
"L",46.313692406,55.6855917703
"F",69.6470214273,44.044445022
"E",41.0643057894,12.2144689321
"M",65.2783891952,44.8203529292
"J",NA,33.8311927323
"E",52.6309642318,59.9639357915
"H",50.4588548392,17.0385789686
"M",32.4386500903,49.9030194916
"E",81.5644753207,83.7929072262
"L",42.4954400876,56.9036815315
"I",26.5135531009,32.9187498178
"F",49.1161568603,63.6600006211
"K",86.4015498466,38.7469331743
"B",42.2293783752,19.9140684075
"B",37.0003871448,60.264279248
"J",39.6495738769,82.6645338713
"F",41.6798476925,17.7459190133
"K",80.352934115,47.8002988852
"F",75.1307142075,23.3724419733
"L",52.8720214902,97.3432226575
"G",86.5043905611,34.8940252874
"J",NA,9.92056085444
"L",67.3025779226,64.4134627173
"C",51.4067867898,89.7121385499
"M",68.3076187632,13.2809165227
"F",38.3865255803,14.5802151464
"M",77.067111934,NA
"B",73.0539899616,29.3808085571
"I",NA,69.2454213193
"H",52.0288486671,52.1768375002
"J",38.3593948725,13.431322624
"J",46.4807681047,83.518211666
"B",47.4881326771,85.3899333808
"H",77.310600475,51.7467300374
"B",45.5964849542,9.76334884943
"H",52.9013640729,50.6905627231
"F",81.5304203188,56.0253645659
"M",66.0641357377,NA
"D",50.3994096114,38.9638389234
"H",50.7113785398,17.0883158538
"D",50.2023180965,47.2129480045
"J",19.2882047369,62.0630593582
"C",53.0965573571,89.540243712
"B",76.1669198143,75.9361704048
"K",NA,64.1000234779
"E",47.552160202,66.4604037217
"F",75.9826615205,16.3069223786
"I",60.3497935166,78.7294458673
"J",NA,29.6723483149
"C",63.0186009279,30.4925819262
"C",67.0885590036,30.4945239508
"J",49.6774146514,10.3831325083
"G",46.965785757,16.7892016247
"L",46.3860739231,51.0021645381
"J",67.2806595188,14.1286515323
"M",64.9003579699,16.2452583689
"K",37.700837521,68.4184052804
"D",50.2504708592,71.9513852104
"H",50.5597580562,17.0938837744
"B",38.9800154218,87.322160691
"J",58.9744699018,85.499817612
"C",58.2390955164,10.4948990284
"D",50.2824056687,97.6099835723
"E",39.762826107,NA
"D",50.17317743,29.177864393
"H",77.5009073165,50.1669859475
"I",50.0322537946,79.013071199
"D",NA,82.0892320845
"C",54.9248425638,10.498331942
"F",76.9457572424,15.858478334
"H",52.5897198565,51.338090196
"G",62.3362327624,83.2465678988
"M",66.3138096741,98.9310270371
"C",27.1498436318,70.2108058428
"M",65.4455325117,43.2734991936
"H",50.1271820272,82.990749996
"F",29.0056141576,63.3907513334
"F",56.5313372853,87.4998110713
"D",30.4622184647,32.7504720275
"A",58.7179,18.3333
"J",NA,55.5469737131
"I",47.3524164557,17.1347454264
"A",23.0769,66.4103
"A",56.6667,86.0256
"L",28.6031956015,44.2237227
"K",55.5638650304,85.8103751441
"C",70.568289819,50.4962361243
"I",57.9022660533,79.0808678187
"K",67.4641398118,95.999963905
"G",40.0788064496,80.2471852579
"G",48.2534809736,29.2708555331
"C",NA,10.5032723508
"G",44.4164011084,28.9476923345
"K",61.6587233282,64.1000234779
"B",67.9805388133,80.9571652197
"I",68.8927840241,20.0324488429
"D",50.205406955,90.6405359009
"F",28.8013366963,NA
"B",NA,83.6396338956
"G",49.3677068167,22.005580703
"G",49.0187553996,23.4892740197
"J",50.2852524042,30.3379221051
"I",39.4855747899,NA
"K",53.5129705438,5.87510952836
"K",47.849907703,48.556624645
"E",NA,8.36563890168
"C",91.1120854191,50.489389393
"E",79.0043268649,10.6281977654
"G",30.0112642472,68.1467563743
"F",41.3272006535,49.0702512739
"L",20.9319996761,51.6462354868
"E",65.5307814724,42.2810847015
"F",58.0245140126,91.6944211685
"D",NA,44.9951230008
"L",44.544955314,27.3622426221
"L",39.9116351739,32.1440226145
"A",42.8205,91.4103
"K",41.5789293984,90.3035665387
"I",45.0410771273,17.7345177303
"A",22.3077,61.7949
"D",50.0836645085,NA
"H",27.6399679354,51.3990974838
"L",63.0168717563,68.2252589114
"D",69.5001114942,11.7916260054
"H",NA,83.7083177013
"H",50.3535214052,17.0647430794
"H",76.2431578028,52.1236898503
"L",64.090998189,68.6509850107
"E",38.6601639737,21.6895496369
"J",72.5706234458,NA
"C",51.8941663939,30.494755684
"C",42.7040363241,90.4426288607
"G",65.5923626471,20.6941731019
"C",32.3789386326,NA
"I",44.3779145287,78.1646280036
"A",74.359,22.9487
"H",50.2074801993,85.4600473951
"A",72.0513,86.4103
"E",37.5794219113,15.0158901333
"F",29.4329605156,60.8017765444
"C",66.7632573944,70.4738617113
"M",74.8121312339,NA
"K",51.3088252568,80.1363911553
"I",58.6726630845,16.6633724322
"C",76.7659121498,10.496999064
"F",55.3155090581,80.2518606944
"E",75.2838870131,24.8747531721
"F",42.1787133986,26.492119482
"D",69.5250693831,NA
"C",62.6856904424,30.5464245575
"F",57.5494740761,90.7489065581
"L",26.1604969417,NA
"B",30.8469189898,37.3416401041
"M",NA,19.0468586722
"A",64.1026,25.2564
"D",30.5183947985,68.2525829388
"M",37.5196356,29.2676058936
"A",47.1795,9.8718
"I",81.5779459183,63.8949255005
"J",NA,53.371687755
"L",61.5633243835,89.8641388605
"G",23.7490719056,63.557171895
"J",48.6643707344,30.6806668519
"K",51.1411835714,20.6183237784
"M",34.5838289299,89.5889019877
"B",40.467576002,60.0275120878
"B",62.9344593731,31.9163906992
"E",40.9159715783,23.5415923929
"L",28.4192021281,21.3157482481
"L",53.385280634,78.8711362558
"L",37.6270534612,93.060672952
"J",34.7637004189,47.6247999245
"H",52.7920973459,51.0733956509
"A",75.1282,79.1026
"C",73.3363681612,70.3169271705
"F",40.3834058238,21.3912255247
"C",67.2148371159,70.2600284356
"A",32.5641,32.1795
"I",56.4514336733,79.2471070208
"C",49.6561262881,50.4313198677
"A",64.1026,10.641
"B",67.2694004772,18.7089683725
"C",47.0541298828,90.458936026
"B",49.2572183396,81.8814032306
"B",76.0882257967,59.6799300235
"A",52.3077,18.3333
"I",84.7942778751,NA
"D",49.9128985877,55.5878389121
"L",77.4490021363,72.4473094857
"B",53.4214628807,26.1868803879
"L",67.095847697,0.601490941965
"A",32.0513,26.7949
"B",76.3565221496,10.4182411281
"G",37.0211840116,81.954469997
"A",55.3846,97.1795
"J",79.6642622775,73.9323097157
"K",68.4925132247,17.9873634289
"M",36.7106729424,86.0749670003
"E",39.762826107,76.4059674459
"H",75.2280531954,82.9856620201
"H",27.5806388053,51.5247612607
"H",NA,52.1230110467
"M",39.002716451,NA
"J",89.0921976305,57.768193047
"B",67.3724659005,29.720400203
"I",85.6044990156,50.7623379055
"A",38.7179,NA
"J",NA,9.69154713447
"I",77.931004934,68.6900618808
"D",49.6888638379,42.018514414
"K",NA,73.9004448762
"F",57.9146644768,89.9538027677
"F",54.4130936504,78.2290865878
"M",30.796174379,23.5190343602
"G",72.2220822073,19.3692816955
"C",70.8444476004,89.9242090159
"G",70.7237162322,87.1522075165
"B",70.0405435824,77.1438066024
"D",30.509115326,22.8255471196
"C",56.8283953362,89.5836647251
"H",75.6058847579,17.0677230553
"L",NA,20.8436106875
"D",NA,82.2192057218
"E",78.789825254,25.5971933466
"D",69.5043762947,70.4934438205
"M",64.9126624396,87.6457960566
"D",30.4780588886,28.020580489
"M",65.7140760682,99.2837639519
"E",43.8568984983,77.6098436482
"G",51.1834666638,85.1288546497
"K",71.1341263421,19.3859575313
"D",NA,9.99229666551
"J",51.2038911373,83.3397766053
"E",84.8482440854,95.4248045304
"A",95.3846,36.7949
"F",56.6365087005,85.637495556
"I",NA,62.9809712052
"I",85.6224867126,45.0241658646
"G",33.5458051034,20.0807081014
"M",37.0232562464,32.1184816794
"D",50.3259243927,94.9946308528
"D",30.5020767935,36.4412129198
"C",74.6478782284,30.6738628584
"L",64.5963189058,65.952512925
"G",60.9815013975,23.9342981582
"F",43.23308466,63.1652187223
"F",64.8927879422,65.8141767574
"J",60.8536798727,65.4991470327
"M",34.9976613883,28.6329939351
"G",91.782532741,34.3842946521
"K",NA,53.3957388998
"D",50.4189791992,NA
"C",72.3020057291,70.2204373812
"H",25.4835833896,82.929084979
"I",22.9594789762,51.2877067934
"I",61.9156096372,17.2821912228
"F",58.2493910631,92.1296814778
"H",25.5651134237,82.9240977704
"E",44.3607194344,70.4742070546
"B",45.3780188805,29.1692166544
"C",70.5382006004,30.4835582526
"I",NA,21.1458881039
"M",67.8061881135,91.6881773501
"G",NA,67.6444437851
"B",40.9138319319,38.5590195509
"D",NA,16.8783132661
"G",44.6767615455,80.2382855483
"B",35.9036097344,91.1118630801
"F",58.2431718991,92.1043278652
"G",66.9432914334,20.1891325034
"K",84.090507598,56.301968006
"J",41.389522551,37.2960562328
"J",61.5205906458,64.7918550418
"M",65.6722651618,91.9334018119
"B",39.0440366877,84.6760108316
"C",29.3365106528,50.461893969
"A",61.7949,99.1026
"B",79.4283834934,45.2107942872
"G",52.5355347207,27.1741229419
"L",71.8870772602,59.2669926152
"M",68.5406624515,48.4385263389
"K",48.4506176492,16.2122782224
"A",62.3077,46.0256
"A",50,55.2564
"L",37.0882451339,NA
"F",54.6209525885,30.3445244537
"M",66.8176792234,11.4124971575
"D",89.49778562,46.6299066746
"D",89.5048511306,48.4234081578
"I",56.265834263,NA
"E",49.6592939398,36.273442735
"D",69.495755496,58.785073162
"M",66.0044543688,NA
"A",70.5128,53.718
"H",50.7336745372,16.9929634144
"G",NA,17.0334945954
"B",30.0522898741,96.6175423534
"C",26.1669092779,70.5003151212
"H",76.9485027211,51.9075165439
"J",88.4321025254,64.6242470023
"A",64.8718,97.5641
"J",88.239001904,31.4774348786
"J",70.846426107,52.282253331
"M",NA,86.0749670003
"F",82.5402395934,56.5410522935
"L",NA,11.6128777918
"H",50.5512780561,17.0846551833
"K",77.7468851148,47.3718241139
"M",68.7634335463,8.70057294385
"L",36.4347239148,62.2940454639
"K",48.3923630032,50.3315285645
"D",50.1156321728,16.6940065479
"C",74.6782541432,70.4453141903
"I",NA,16.6763302777
"H",25.8551275976,17.0819086886
"A",93.3333,39.8718
"M",66.7241920702,NA
"J",61.2797865792,65.766402504
"F",38.4040152085,14.4519484496
"C",52.8019793617,90.0880645063
"L",62.2926421901,40.0295333141
"K",60.7493891909,28.0517363383
"E",71.8266529973,65.6862303604
"H",75.2964750909,17.0156531888
"I",45.0289975331,17.7244473049
"A",70.7692,91.0256
"B",39.505789079,74.8516272173
"J",24.6355399754,71.6107148256
"A",36.6667,45.641
"I",57.0758924193,79.1939225382
"A",NA,60.2564
"F",70.5958928563,41.9647438672
"I",65.8072190346,18.1407649473
"L",NA,23.4913735562
"A",28.9744,74.4872
"J",68.995028632,13.9943105293
"A",29.7436,36.0256
"G",78.4646034437,69.7493008209
"C",53.366566866,90.2080300059
"K",24.6308301331,53.3957388998
"D",NA,21.8509008151
"H",NA,51.7467300374
"M",64.3256315887,41.6159763773
"I",50.4922475132,78.997532065
"H",77.6820163247,51.1656378096
"A",39.4872,25.3846
"M",64.320383794,31.7856294846
"H",75.4005271583,17.0411068868
"E",NA,53.8779658045
"D",50.2797016367,15.608737571
"I",42.1422682922,76.8806345544
"K",NA,59.7533088802
"H",52.6356576791,51.4185522584
"H",50.288527801,82.9752535659
"E",38.3377571839,92.472719051
"F",31.7086628996,58.837754374
"A",61.2821,62.1795
"M",64.2977371716,20.4287496884
"I",57.1409359294,16.5986105437
"K",44.6099759113,93.075835032
"M",67.5445276811,16.4479381344
"H",49.9283802752,82.9936654888
"B",38.6644611569,33.3172384774
"K",27.8877193574,75.4455759934
"L",71.8870772602,NA
"K",68.4127671225,19.9131265443
"H",51.2638712274,17.1623497098
"A",46.1538,6.0256
"H",75.4793396586,82.8840513891
"G",58.1187658587,73.1189614684
"H",27.6784029741,51.1819891691
"D",50.1867033389,99.6946801425
"D",50.2530067222,11.3020842468
"M",62.4256973267,34.0442062707
"M",73.0273050243,NA
"L",60.375744968,41.3564579961
"E",71.5691888532,34.699218607
"B",38.3020058088,60.0177857932
"K",41.5303978512,13.3962907452
"K",71.5450389858,72.657716331
"D",50.4102716314,98.6283694405
"L",NA,51.6462354868
"H",77.9260443352,50.3186604237
"M",33.6744421497,26.09049021
"A",29.7436,62.1795
"J",62.5602588694,30.4471356661
"C",22.0037091415,50.4994401238
"I",45.0102700721,77.8808631153
"G",50.157414434,NA
"A",NA,42.1795
"H",52.7977329399,50.6860370901
"B",52.4944067819,16.0511142003
"A",67.9487,22.1795
"F",38.7642788913,14.3655904744
"C",46.2381175975,30.4956129408
"D",50.4189791992,60.5249117346
"E",39.7556490651,79.6570966361
"E",52.9451780881,40.3846256942
"L",20.9319996761,NA
"E",31.1068665551,89.4616352367
"K",37.7914323802,66.8546410275
"A",47.1795,28.718
"K",74.1867734997,74.3442041467
"J",38.5021996714,41.5671556174
"F",27.0246032407,62.9018588649
"M",69.048716493,66.3660457477
"F",56.6639740815,NA
"G",65.3064624975,18.1973548277
"F",49.4711054118,25.0630193062
"E",42.3462616039,24.5583269437
"J",83.2939057345,70.7784317876
"G",NA,70.0440572588
"J",29.5575433634,21.3647774591
"B",82.1105579783,1.21055166293
"D",50.3373626448,40.913386144
"A",61.2821,19.1026
"K",58.4163840114,5.64577748328
"G",NA,75.0980490792
"I",31.7606691716,NA
"E",81.6437056853,16.5917599845
"M",67.5017806138,60.8502274659
"M",72.4798343312,80.8006830564
"L",67.2313347767,85.055640808
"B",74.8850211598,25.4166063231
"M",38.4028368753,NA
"E",61.9080397046,53.1903520694
"J",75.1307160373,79.9840931403
"B",34.1188302357,NA
"J",NA,11.3189448865
"J",59.8399667124,64.4767644437
"J",54.3797219484,84.2403555494
"I",25.5860552415,60.8465833585
"E",80.3124913784,76.5162389518
"I",77.2045893204,69.3121497658
"K",36.1634664356,33.819314199
"K",65.5834276962,93.5170609365
"B",66.4549036599,19.8366286542
"L",NA,68.2252589114
"D",50.489902373,39.2054119682
"L",69.9194262552,29.3110927191
"L",24.150491069,47.1885335266
"I",41.0269715735,76.4095884613
"D",50.1040315041,95.0885380179
"L",31.4970254888,67.9125621568
"I",39.9213628084,19.7018495281
"J",91.7355387598,48.9702108877
"F",77.6346517616,14.461853927
"J",39.0555497751,55.5469737131
"D",30.4549558873,63.5017787814
"E",NA,13.3921347304
"D",30.500998079,48.0696996767
"G",51.3478832298,27.3642602259
"L",26.1604969417,23.0422314726
"D",30.5047730174,26.4166256707
"J",49.1917219555,85.8762291224
"K",NA,10.6326415569
"C",59.8525770283,10.5431877763
"L",76.7756112073,55.2545987009
"K",20.2097781637,67.5166420988
"I",NA,78.6665589963
"A",68.4615,94.1026
"B",NA,80.0656402858
"E",76.1056290282,95.3049805754
"D",89.5048511306,NA
"L",62.307750573,5.74997471945
"D",30.4980777147,62.3849850338
"I",31.7606691716,69.7976553936
"E",70.4722626065,36.0880530553
"I",26.3143100672,33.2971681038
"A",63.0769,19.1026
"I",45.6174391854,78.1199702277
"D",69.5291826079,57.8412666804
"B",NA,14.2745856444
"G",60.8065608049,27.8683134861
"A",42.8205,32.5641
"A",56.6667,40.641
"G",37.3099483549,72.5861552003
"K",21.0379688969,49.829299645
"B",56.5841530218,70.512514809
"D",69.5190952617,11.4226857018
"L",76.7756112073,NA
"L",59.3150555205,12.3543136666
"M",NA,67.7255886599
"M",77.9158742329,45.9268433826
"H",50.7851572052,17.1801964842
"A",68.2051,2.9487
"I",60.6739209233,17.0518023644
"J",63.1490490834,83.9468553485
"F",58.3821244904,90.5534760692
"J",48.1799307865,85.0451167372
"F",64.4007871926,67.4487184472
"K",33.9806339675,35.0330581489
"D",50.3112993746,26.8604882737
"E",33.7296067755,88.622265789
"B",71.7683189223,20.0110618423
"F",79.3260781751,52.9003912897
"G",52.8112216438,17.8549881176
"E",64.8520398267,43.1337348404
"E",37.1030736419,15.4456116477
"A",59.2308,44.4872
"M",77.067111934,51.4869181896
"A",26.1538,71.4103
"J",72.4709525633,51.1221348241
"C",52.4189219215,10.4959063596
"G",59.7665303129,32.6212516009
"D",69.5618994268,15.9998037858
"B",44.5902125769,22.0340116412
"D",50.4672293846,90.281464505
"G",NA,83.4373907092
"F",77.4133752817,15.2219279762
"I",58.5721354669,16.642703808
"A",56.1538,14.1026
"I",26.3207111933,62.3962811186
"L",39.7958978066,28.4432191156
"C",75.4772220231,10.5185680355
"K",63.9863468858,32.7134316129
"B",52.0334562787,NA
"E",84.6102197758,14.2477619017
"B",70.2425464362,NA
"K",54.855664646,83.7833976656
"F",58.4618385916,90.2653263904
"B",64.9374355444,81.5542049945
"E",77.7815467962,23.4472144745
"I",68.7456312971,75.7900554548
"F",41.4701423265,17.2780334445
"A",67.9487,8.718
"L",45.4203820755,5.37240899542
"F",77.5437200743,15.253949149
"I",84.6267242006,39.4870775084
"C",56.7721495656,10.5032723508
"B",53.2591294055,97.4757710964
"J",68.4530459999,13.0355285908
"F",29.4226860665,63.0684648229
"G",49.3104686263,67.1687603206
"A",73.8462,83.3333
"I",42.8790365154,18.4894110252
"D",69.5001114942,NA
"G",92.2484016622,NA
"G",64.2491606461,14.9139624607
"M",65.4155283864,10.4635122068
"H",52.2633473764,94.2493278274
"K",57.8328062743,9.22238462333
"J",91.1910536059,46.6743428399
"B",61.8564651063,71.7927431642
"F",28.087273053,63.1232828116
"M",74.0784292286,72.9515308522
"M",36.9463314417,13.5143774996
"M",NA,10.4635122068
"J",NA,82.4309187567
"J",20.9594648125,66.0414983826
"C",22.8171074784,30.4360403387
"F",63.0559909076,29.7090956748
"M",39.002716451,92.26183816
"D",50.4682212165,13.3567024555
"D",49.9341271714,22.2561397401
"K",50.198958949,52.2250295948
"B",58.9124603193,75.6677562173
"I",63.0902251412,78.041409495
"K",92.5487933153,42.9019079116
"F",27.7799191139,63.518147517
"K",NA,67.5166420988
"C",57.9026866088,89.6184017294
"J",70.6449962629,82.4309187567
"F",55.0745059041,79.8175464166
"J",37.3293552552,39.6020423074
"M",75.6272550236,37.128751949
"I",73.5074477338,22.8569887644
"H",50.4880136436,83.0995191232
"H",50.8914922458,17.1413237277
"G",64.6170985343,22.4431455531
"L",61.7372710245,38.5848440052
"A",49.4872,42.1795
"B",42.7817612539,NA
"D",69.5050706711,33.7401525035
"I",64.0208416469,17.8835812521
"I",73.3961549252,22.8162479426
"F",39.3118718889,15.6407169743
"L",44.0774051326,84.1258533023
"B",42.0633045627,2.33519661206
"M",34.5838289299,NA
"A",44.1026,92.6923
"F",77.5847398447,NA
"K",46.7145179915,15.6132744651
"B",43.9498645857,75.9587156671
"A",56.6667,56.0256
"K",53.5299526734,24.2419155845
"J",NA,84.2605679876
"A",46.6667,54.1026
"I",26.1633874648,62.0268148985
"J",41.6832004024,84.0179406019
"K",51.8868880222,80.1136076892
"G",72.2725228706,67.6444437851
"F",79.4886844186,53.6516742641
"D",69.5202566002,97.1938760167
"G",54.1145317806,17.6735343896
"C",34.800701463,30.4979313851
"C",NA,89.5926540118
"J",55.3651603364,30.4458502777
"G",45.8596693166,17.1289036754
"A",41.0256,25.2564
"H",50.7046843629,17.0237445436
"D",30.4768299051,39.4246055913
"G",70.8633308324,79.4081747457
"A",40.2564,51.4103
"C",51.6803004439,89.9970275485
"B",40.6350418091,73.3947503698
"A",29.7436,59.8718
"G",61.4146337175,31.0393750583
"J",35.3496806211,47.1410731332
"H",51.8356372562,52.3357655339
"B",32.3311102266,61.411101248
"B",39.0896145478,70.4661940802
"E",73.2420023309,67.3532711288
"L",50.2244178157,19.1709698793
"J",66.1730182606,12.0379170217
"L",46.9882833458,55.4206367313
"H",51.7372816586,92.9791175339
"L",25.9525965456,73.0331803541
"L",59.2364904011,91.4811005766
"M",65.264338195,35.7175447772
"I",28.972835724,29.0504689185
"H",52.8843132864,50.4414354501
"C",67.9680481127,50.4521589097
"C",77.621049129,10.4958742318
"M",63.9100640599,NA
"J",58.6367650809,11.9747210652
"I",25.1658708449,35.7666139539
"I",64.8128669568,77.4869389235
"A",29.4872,51.0256
"H",26.0256445518,16.9250135319
"K",55.5898773424,26.2992451143
"G",55.9528886329,NA
"J",57.0609827131,9.92056085444
"I",51.2884586593,82.4359398425
"K",52.8583150204,20.2350610035
"J",64.7588870014,82.3152236405
"B",71.9641671122,41.8742826668
"B",NA,10.4182411281
"G",52.3581053558,19.4170541222
"B",70.0689259404,NA
"I",58.9882538467,78.9172589554
"H",NA,17.0647430794
"C",NA,10.5081369414
"B",36.4490038543,50.5462690659
"G",52.5355347207,NA
"I",83.8446535127,NA
"E",65.4008341477,42.6140320392
"I",32.2637000863,70.3166389012
"E",51.346027139,61.6005530364
"L",48.1756567942,19.5212153543
"A",35.1282,30.2564
"I",NA,85.5781338795
"A",47.4359,16.0256
"I",35.1613607523,22.7868496473
"A",54.1026,14.8718
"C",49.7397453317,30.4727248868
"F",77.6060865492,15.1628725383
"L",77.7628590782,23.4913735562
"M",65.8155400946,95.5883740582
"C",70.0868697658,30.5100448173
"J",54.0317756204,29.6723483149
"D",69.5250693831,93.5980502089
"I",NA,17.1347454264
"B",NA,16.0511142003
"B",28.2367819396,56.1395964513
"M",33.2349104271,38.502483721
"M",32.628463049,54.0637204929
"A",35.8974,25.2564
"M",34.1051509268,64.1291972267
"K",27.106242932,54.7195531488
"G",75.3598819664,75.4216145799
"D",69.4997669273,84.47968329
"F",77.2526510945,15.1515170246
"I",25.5380076465,60.6302361093
"D",50.3740520508,32.9182406167
"F",42.4765399431,18.3384735636
"C",55.7470928102,50.4789748003
"C",50.7451622429,10.5249055723
"L",78.8765811639,71.5625276804
"F",56.5381264538,NA
"H",50.5336350094,17.0195813691
"J",50.9404926595,9.69154713447
"K",61.2696820905,29.3857240482
"G",37.5747950188,69.9887444412
"I",52.0817555582,16.4538745312
"H",50.7252585405,16.9074698083
"D",69.4994788728,16.3374699821
"L",69.4598588916,30.1970315053
"J",46.5086141932,11.2071344881
"L",49.9367453057,21.5900969196
"B",34.1730737648,25.6936743092
"J",60.8349175348,64.6037697063
"I",26.6666456539,62.9809712052
"M",36.722837943,9.33330210686
"G",61.7276334143,77.0692384058
"M",67.3082233775,71.5902965807
"B",62.2135245453,21.4758389969
"H",27.5373953151,51.5936540762
"E",45.8142453101,31.056979672
"D",NA,45.8151791904
"G",76.7456848486,70.0440572588
"B",39.0520864793,70.6525028457
"A",59.2308,57.9487
"B",70.2895057187,NA
"I",49.570911405,79.0381238831
"G",23.7145662909,75.0980490792
"J",45.272002941,85.2370794195
"E",NA,64.9610049438
"D",50.2077411201,73.1145035177
"K",63.9210367078,15.6209610332
"D",89.4888412549,40.6250912209
"D",69.5510914402,58.4010982686
"E",50.8433046202,37.7446280981
"F",41.4815028637,18.0474374446
"C",37.7993149267,70.4695358763
"E",34.7945935378,13.9696834611
"D",69.524635976,2.73476016988
"L",NA,96.4254150057
"G",41.1006943822,26.5526132161
"F",57.8217892319,90.6931665489
"B",63.92020226,30.8321939163
"I",45.8703691685,NA
"F",70.9601362323,41.2595012867
"E",35.1660293896,84.1564919839
"J",NA,38.0065584658
"C",69.239417959,30.5060052447
"F",56.6639740815,87.9401250067
"J",27.560835291,72.8478255927
"L",34.207620843,33.5938054385
"L",67.3025779226,NA
"F",79.4727615693,63.4086861199
"L",39.2415652162,33.3614166846
"K",78.5757448361,76.8157030942
"G",27.2796128523,19.2572809685
"G",35.6535812004,17.5145080595
"H",NA,51.5936540762
"J",72.5706234458,80.9712184346
"K",59.243809528,10.5401420943
"A",22.3077,NA
"E",32.7672179591,88.5182945794
"C",58.8215465891,70.4557817483
"F",56.5381264538,32.4442454697
"A",40.7692,88.3333
"G",57.337906053,84.9995188696
"F",77.392982494,63.3714590552
"L",67.2259568904,62.4764105301
"J",44.2916687157,82.9094412144
"B",71.9641671122,NA
"C",45.3172255098,10.4958733944
"K",49.1774185559,96.6105324538
"M",65.790651882,55.9453737171
"E",NA,71.0459044019
"K",24.4434528292,54.4736551228
"I",83.8446535127,58.6160602305
"G",56.2479351377,83.513949493
"C",87.6984642949,50.4899365296
"H",50.6309819633,17.0765223454
"M",35.8382920833,53.3514883396
"M",38.7980121423,NA
"J",89.1155590082,64.0015066388
"H",27.892658895,50.7952815163
"M",65.3140322257,77.9387440331
"M",66.755021412,18.0853051378
"M",30.9871426099,63.9440280336
"G",59.191159132,17.767901807
"K",72.436657497,20.5783451136
"H",75.4480625064,17.0451494125
"F",62.5667590405,77.7439347591
"B",71.9650826544,NA
"H",50.378262298,16.9462798113
"M",31.5882013862,77.0280524208
"F",28.8013366963,63.389040388
"E",47.1301271555,31.3099029222
"B",65.475952195,14.2745856444
"I",53.0812416908,79.2972507654
"M",66.0044543688,52.6846691452
"E",40.0481864651,24.2614879334
"D",50.4741411162,12.4619966676
"I",39.7932905744,75.8079642168
"A",48.2051,38.3333
"A",46.9231,NA
"B",36.3556951539,6.0058486497
"M",64.9003579699,NA
"I",69.9677341245,20.5389887758
"A",91.2821,41.5385
"M",38.7980121423,74.6106304299
"J",65.0443252778,11.0008414785
"I",52.6461373069,16.3848363836
"I",54.2002323226,79.3250023354
"J",78.2499161658,17.8832409068
"K",30.1233318217,81.1442953304
"B",50.5839631148,71.8066161014
"L",46.9051031994,81.5656424136
"A",78.2051,10.641
"H",50.2033658114,82.9826568621
"A",52.5641,46.0256
"E",80.7662322969,79.8960656796
"E",41.6360929963,76.2492229205
"G",72.1567189391,16.8142747914
"K",69.2889731377,99.5795911254
"J",57.8178546865,10.9451424306
"L",40.435327397,27.6400711421
"L",58.4597612975,14.1486628546
"K",31.3332440932,32.5385694785
"I",53.7196765696,79.306936167
"E",42.4308889944,75.1336346406
"K",85.3242028911,55.3885788252
"E",45.225738199,NA
"J",NA,83.9468553485
"D",NA,13.436410466
"L",32.9607035213,35.8231112903
"M",28.809401637,59.6210044666
"G",53.2839688423,84.2635992213
"F",76.8223042562,15.5951653195
"J",66.0530857731,13.3802260073
"F",42.8117114739,30.0204484197
"J",50.1446289773,12.2115430946
"D",69.5186727475,15.1804864298
"B",32.579020066,1.80811559665
"D",69.5340709833,64.8929773346
"A",74.359,10.641
"I",55.6629587449,83.3564796243
"F",57.997804739,92.1599086113
"D",50.144392979,47.0142836417
"F",72.1758243064,63.1289294176
"C",75.9871047068,50.4919669557
"D",69.5125730109,61.497563947
"B",42.7817612539,12.9911884302
"L",86.8537073476,65.5433240194
"F",52.9706912828,29.0401966941
"J",62.0480325076,NA
"C",59.4355174849,50.4206326073
"E",37.238249327,83.7249284144
"F",77.5731526867,14.7806458332
"M",71.9936371714,78.8209480695
"A",23.3333,52.9487
"D",30.5015964737,NA
"C",58.8215465891,NA
"D",50.4562073315,89.9874101286
"B",42.2293783752,NA
"J",51.8720726696,85.8297376348
"G",24.9391368744,72.5802858084
"M",33.9237661692,53.5586885227
"E",66.512924456,NA
"G",31.6895761296,26.6664002089
"J",55.1609418175,65.2373081694
"K",64.6552305634,16.6122765086
"G",45.835020171,82.7425919919
"J",61.0885441374,10.0845344144
"D",50.2347207,20.4044729196
"C",67.870887292,70.0680261345
"E",NA,15.0158901333
"L",68.2221986595,1.13388036584
"K",60.3375864858,63.0349593272
"J",43.8070319612,11.3189448865
"D",49.9472399619,48.2295767261
"A",67.9487,47.9487
"I",25.2137904611,60.2733986018
"I",61.124463241,17.1163533592
"H",25.9853178159,17.203722132
"J",NA,62.8109155873
"C",39.1428377913,NA
"K",63.7231835039,14.5214211957
"I",60.7557891374,17.0332315064
"L",39.5965009783,32.1361317349
"L",57.1124475509,15.3217851726
"K",42.4150122932,11.6937810961
"L",72.4624062907,27.6242638254
"A",25.8974,51.0256
"J",25.0548060847,71.5485979221
"F",28.7044492315,61.7775254006
"F",40.9365466658,16.9130048364
"H",75.1423414811,16.7549238932
"M",33.8735095227,37.056028453
"J",45.4691770035,33.8311927323
"C",54.810300495,10.7249292845
"E",42.195266147,20.9193721857
"F",39.6175458263,62.9251879574
"D",50.0631041291,58.085037556
"A",71.5385,64.4872
"A",98.2051,33.718
"E",65.0277937057,57.0962573525
"M",34.9976613883,NA
"B",66.704943997,32.0150954299
"J",53.174656268,84.2605679876
"L",48.8632418189,83.1583574877
"I",55.1296393835,16.3532468711
"J",61.503472503,NA
"D",30.4995061735,53.6125276703
"F",65.0990443941,27.2415575588
"B",39.7063261674,84.2752871038
"E",79.2025626772,92.4072156264
"L",32.2462751352,70.1105868383
"H",50.8127448984,16.5727180506
"I",58.5282895407,78.9787042541
"G",55.8396313724,21.6185696663
"B",33.3393742865,0.5091067352
"H",51.0668072036,17.2088597095
"E",76.271299815,25.5695441452
"F",28.0854682136,63.5901969481
"B",48.8231974964,76.6353305783
"D",50.3269108629,90.0220534916
"M",31.6415992679,77.6108331874
"C",38.0502407785,30.4079460343
"C",32.8706391587,30.5023417488
"J",28.2711941653,72.840231257
"A",49.4872,31.4103
"H",25.9288442731,82.8211841087
"G",NA,31.0393750583
"C",32.6560991775,70.0510704992
"J",41.6095572691,83.8486865559
"K",60.7493891909,NA
"M",67.0733217806,NA
"G",70.9805804021,17.15575228
"C",22.9550932697,70.4268951523
"D",69.5263228876,56.9952791254
"C",88.6626638086,50.4553260208
"K",30.0807992865,27.5880255173
"H",NA,17.113842659
"E",45.225738199,30.5552259226
"C",52.3603310701,89.7043170068
"J",50.5159602579,NA
"C",64.9697382623,NA
"K",43.3926884016,43.5975940692
"H",50.8119753465,17.1149252621
"D",69.500264751,27.1360239942
"D",69.5286156637,91.6220882409
"L",79.4793575017,49.1410154455
"M",64.0515417112,48.8200939835
"B",68.2307689907,80.8725016628
"B",34.1188302357,45.7345513203
"K",63.7602750188,61.1856411696
"L",73.7099068702,78.2706108976
"J",39.5489736947,80.812601774
"L",NA,33.2341293953
"H",52.3315691301,51.8788603463
"G",62.1922520815,76.1568192103
"F",39.4029453026,51.1508571967
"E",42.0806606852,24.9465264454
"E",48.6649246215,64.9610049438
"K",49.899592066,19.5640835356
"D",50.2052589714,57.9242171676
"E",71.8670131631,34.3291575887
"E",42.0028562742,97.8376147235
"G",51.8562999655,21.969084007
"M",68.1932895833,46.5435408096
"J",NA,12.0379170217
"M",64.9359294757,87.0721381174
"A",69.4872,69.4872
"E",42.6125508262,24.195053774
"L",73.7883730663,58.6208121164
"D",69.4994868291,10.2078266798
"G",50.7538984114,76.7541289533
"J",48.0143866846,65.7128195934
"D",69.495755496,NA
"G",51.4536583539,26.0229417521
"H",75.7714500936,17.1112512057
"K",36.619722059,36.8114141094
"G",75.7799048195,79.8861994199
"D",30.5034743497,38.3485561381
"I",52.1881199617,16.4182174652
"L",69.3800563617,1.48813233299
"K",46.0181190216,46.2577233718
"L",61.0865603919,89.2243556475
"I",65.2230303973,18.3971951223
"M",66.8169139163,12.2732943361
"F",62.1056186306,75.9908707599
"F",59.5299284566,88.3272741451
"D",30.491302622,NA
"B",75.4012268619,88.6390766207
"L",69.3800563617,NA
"B",80.4708943189,49.5021483467
"K",37.5800715749,38.8315722007
"K",58.3231396505,60.0310591646
"B",31.8384976954,71.8121653901
"F",41.9383300069,24.9915229793
"L",54.0206071815,47.2698972057
"A",50,78.718
"A",47.9487,95
"H",75.2399699777,17.0318474866
"L",42.1848064503,28.5736747331
"G",50.8925215809,29.1452839382
"D",49.9227419194,38.4404729124
"L",52.772288113,99.6134716833
"G",39.1995941778,23.6804956588
"D",89.5001804719,31.9789174357
"L",21.7960992263,49.4995295248
"C",80.240250951,70.3543089613
"B",62.5168908529,66.4847322418
"D",50.2310718829,80.6473870602
"B",33.0240700249,24.4678303872
"D",NA,27.1360239942
"B",37.4884147432,60.8144048511
"D",69.5322795847,21.8509008151
"A",44.1026,52.9487
"D",50.4441175504,75.0132995059
"D",50.0836645085,10.2358819024
"M",68.6213124429,18.9156764428
"L",66.7481899024,84.0048341677
"H",51.9275902141,52.2577906065
"K",NA,14.5214211957
"I",NA,79.2471070208
"D",89.490246254,48.890796551
"A",32.8205,51.0256
"M",33.4233718511,67.0957433613
"D",30.6202277519,60.8600821544
"A",35.3846,51.4103
"B",28.0033242354,46.6721919544
"C",70.6059455116,90.042061963
"K",81.2694405511,80.635944933
"I",47.875198343,78.6758534295
"B",62.8332930874,62.5108942269
"L",59.9704150458,7.9133104735
"F",39.5825667453,17.6484528361
"L",94.9974880471,35.0953011066
"C",23.2847479782,50.4743528321
"G",37.9497836858,26.5217492344
"K",33.3947987327,35.0168013145
"C",80.4002336791,30.4850063746
"B",21.7780404779,6.61662530728
"B",43.542775926,62.4603112824
"I",51.1705368873,79.1652941091
"I",85.1801432805,53.7816766607
"J",67.7894961571,61.3637015467
"J",58.0066691227,30.2537212987
"H",52.7137744894,51.1979443188
"H",52.0252141055,52.1230110467
"A",35.641,79.8718
"K",73.0014940701,24.0738125371
"H",50.4438027888,82.9418288173
"F",79.1867885665,53.2347918468
"L",72.7784101997,26.9005353695
"E",34.1489682077,13.5238698677
"G",75.0925497814,NA
"G",28.2178118248,28.2802924847
"G",43.9193873055,27.7978445882
"C",47.9169554375,30.4867257545
"C",59.751497414,89.7319325216
"K",58.4163840114,NA
"L",59.0141444945,93.5748748733
"B",70.2425464362,24.1095975542
"B",NA,29.3808085571
"K",31.1357349152,61.4319127116
"B",91.6399614428,79.4066030605
"D",30.5203612407,65.1004090686
"J",53.7037759268,66.3894820363
"H",76.0635502513,52.1046520613
"K",NA,10.1698684594
"I",21.8635812756,46.0525933457
"G",61.7206191907,85.7056934492
"J",50.5159602579,9.76559162187
"H",52.500088943,51.594356165
"I",84.4247858276,38.761410164
"D",50.4467514196,NA
"F",80.3577008812,63.2954375404
"J",35.5376642131,48.7293868661
"D",NA,57.9242171676
"A",51.5385,96.0256
"M",72.371523338,21.9616397473
"J",52.2343086004,29.7116729865
"C",39.1428377913,30.7928559394
"E",39.7972712705,16.083549649
"I",60.7879700808,17.0462048583
"M",33.4233718511,NA
"D",50.3334811097,NA
"G",51.9829247003,82.2043834675
"M",64.4986348346,22.863501327
"K",41.2902998033,42.3115524113
"I",26.8595295604,63.1418346727
"I",85.570985078,44.5600964397
"M",32.6577782482,80.1138612983
"L",52.4215231623,47.867005488
"F",27.186463838,63.5587296478
"J",41.1637810689,34.3157582514
"E",74.0707000309,68.4795642895
"B",48.9070429644,74.2877488252
"G",65.3064624975,NA
"L",61.7372710245,NA
"J",49.2805947987,84.0488228306
"H",75.1643404933,83.0349971693
"K",33.1677570349,31.2477411672
"I",46.9624619942,78.6665589963
"C",73.1051481627,70.300511881
"J",40.0746666572,34.6236852027
"B",47.4881326771,NA
"A",37.6923,25.7692
"M",67.6295142176,61.4291060701
"I",85.344964503,52.886419866
"G",61.8185854576,76.1128240228
"J",37.8904155015,82.5674929978
"G",NA,16.7892016247
"D",69.4989700668,92.1204899292
"G",NA,34.7692538555
"C",65.9952727194,30.4750241915
"G",17.8934987136,71.1096873431
"A",53.0769,55.641
"K",NA,35.0330581489
"H",27.4392496133,51.7120790527
"K",30.1233318217,NA
"M",38.4028368753,19.0468586722
"H",52.5205524936,51.5024421035
"A",86.4103,47.5641
"L",45.4126389249,53.8707976895
"A",NA,25.2564
"E",36.7146633371,17.3818098572
"F",59.6521583697,87.8094615921
"M",69.7654249704,19.999850454
"M",36.9041611715,13.5838157511
"A",53.5897,37.5641
"J",73.4286708654,NA
"E",39.0542484428,83.1190207043
"I",NA,77.3991884543
"H",75.2870877232,16.1749349097
"L",51.3532681954,0.30387242055
"D",69.199057706,60.4189573202
"M",36.6307877065,31.4768312621
"K",59.6326101247,7.05803719901
"F",77.4966517463,14.9485235577
"A",NA,94.1026
"J",63.0674998921,64.0350004581
"H",75.1524592023,17.0049424015
"H",25.4435257049,82.8742004973
"D",50.210881979,80.9417717084
"D",50.3394254813,18.7234506861
"M",64.3881920705,15.7728122808
"E",75.9692852004,29.0388653753
"K",65.1507052757,92.5026337368
"M",74.8121312339,57.5898837631
"G",49.5842392555,16.7579160147
"J",61.6147759612,29.9943911942
"D",50.3269108629,NA
"C",43.3710018924,50.5008373234
"L",37.6270534612,NA
"F",67.8817196169,24.2360184109
"G",56.6089076561,70.4089460888
"I",48.9146182416,16.7986370826
"H",50.5171258092,89.1023945866
"C",32.5307027362,70.1573965085
"B",65.6236574431,15.5828033531
"E",50.6492211499,37.4837907435
"L",62.4447424979,35.4149992261
"M",68.856486669,NA
"A",61.5385,66.4103
"G",57.6132335477,83.9051707998
"M",34.6445467746,NA
"M",67.3093466467,0.217006270014
"L",58.2964084158,41.5831977346
"I",57.1446946889,79.1941025922
"B",43.6843934333,32.8230098696
"D",69.4943803061,52.6124107059
"L",44.3773828236,57.6847369215
"B",27.9226442446,25.9868781844
"D",30.4995937106,26.0855615691
"D",NA,58.085037556
"H",26.4913985349,17.4053909738
"L",NA,63.7886855744
"M",63.4104355141,38.377735614
"G",61.1359469093,82.5375693646
"B",74.0216939058,76.1282745076
"M",35.675404696,49.6256433471
"G",51.8116637782,17.0334945954
"L",35.4047362397,31.9391621952
"F",44.0445656189,35.6622382764
"E",85.4461864009,83.0782938448
"E",40.5124478537,22.9622145725
"J",53.0030253202,84.6747986012
"H",50.1786718465,83.1846223323
"E",36.0271982243,82.0407806505
"L",62.5117719862,7.49123248279
"J",68.5431435378,35.6578321706
"J",59.2692803248,29.6407017654
"K",NA,85.3560457326
"G",51.2743918205,82.8179829379
"L",76.9882734745,54.2027848022
"M",68.7680482759,13.5214565521
"H",75.04472578,17.0042622562
"J",NA,85.8762291224
"M",30.5783699449,65.5219454667
"H",27.4392496133,NA
"G",50.7538984114,NA
"D",50.4353151633,56.4393224734
"H",27.4224292143,51.4388762325
"F",57.6146743876,33.8224476502
"C",70.9468490729,50.4727017878
"A",63.0769,29.1026
"D",50.4483013392,21.6402564599
"A",54.8718,49.8718
"H",52.9526073133,50.0747390118
"E",76.9532591384,27.7706107405
"L",82.8002478704,18.5293762368
"I",63.3564881135,17.7240688424
"L",50.2970432655,99.6441791736
"M",34.6757573144,79.6375987743
"C",44.5468412844,50.4159133758
"E",43.5498814807,24.3072109395
"M",64.2952177764,84.1258572133
"D",50.2749326091,49.6234993439
"C",37.7940494081,30.4926383364
"J",65.8755478023,11.7324363627
"G",39.7403795202,18.7410514146
"L",95.5934163965,33.2341293953
"J",91.7260057727,52.6233532573
"B",40.5701970446,79.3729634752
"J",50.4246786898,85.1747475891
"B",30.9962205791,71.694404938
"B",46.5927679682,84.9723827774
"I",36.0270912125,22.1954385395
"C",95.0652748396,30.5004028652
"K",48.8339891275,17.7259558674
"I",51.5669948027,16.4857136372
"E",74.1142308687,71.9263635185
"F",76.7318493982,NA
"D",69.5064719492,22.7286628748
"E",84.1028794336,8.98065579006
"E",39.7845249391,82.2605658962
"G",51.6637862607,19.9251251977
"M",37.8254347391,9.60103429534
"B",71.7907676942,71.0654666627
"M",66.0641357377,89.2086685815
"J",55.0671179917,29.0115351997
"F",86.4358971909,59.7927618087
"E",39.181907086,79.8190371976
"L",NA,89.2243556475
"E",50.5632444849,62.6238279659
"D",50.0936501016,NA
"G",31.0005254108,82.5794805962
"B",NA,50.5462690659
"G",42.8817550897,80.1847700514
"L",37.0882451339,60.857227495
"J",53.1013817819,NA
"B",39.7063261674,NA
"B",74.2477082092,NA
"M",67.5017806138,NA
"C",53.0427983006,50.4875038691
"C",NA,10.5431877763
"L",54.8026825363,75.3639849893
"E",46.280631958,68.0284231525
"K",27.5482344526,75.1647590544
"I",77.931004934,NA
"A",83.3333,55.2564
"A",77.6923,71.4103
"M",34.5486191018,26.1110878654
"G",75.0063926418,82.4258351563
"A",52.0513,12.5641
"J",40.0096720019,60.9865825077
"D",50.0936501016,11.6077134241
"J",46.819907946,10.4946526804
"D",30.5011608787,38.3141385582
"K",32.1920969515,60.2006509147
"K",27.2451932001,29.8195074488
"H",50.6583547714,83.1144793358
"H",50.9295476993,82.8460411252
"B",70.0689259404,7.59346560899
"F",45.0063004454,38.2990195507
"D",89.497529662,33.901372671
"I",48.559816719,78.7883706035
"B",31.0052582572,40.682503007
"C",NA,10.7249292845
"M",68.8909906096,27.2962056672
"G",37.5551162883,24.5376638386
"A",50.5128,NA
"I",NA,68.6900618808
"F",28.7391414969,62.7208638859
"D",69.5275296829,9.99229666551
"L",57.0425482213,42.418757739
"K",47.2250252695,44.5756466185
"L",57.1252310509,42.7390191388
"I",65.7555515404,18.5162158303
"M",35.5139005857,89.5991901138
"C",60.1869278445,70.4835512458
"D",NA,55.8789168923
"H",25.8575694746,17.113842659
"H",27.0955703605,52.0767994399
"F",29.2851466002,63.3836058254
"B",46.0822757831,23.1104578154
"L",NA,54.2445521781
"B",81.7246168002,6.03754484635
"F",40.4356915763,20.2326706762
"B",70.2895057187,82.5336485877
"B",35.6205617651,57.2860155789
"B",78.6171953363,52.5752573142
"G",23.6730818572,64.8708391385
"H",74.8202539551,82.9623887856
"J",67.6208658884,38.0065584658
"M",NA,5.24980548075
"M",33.8499497887,46.2844744465
"D",89.5010526463,NA
"M",34.6982700852,36.4753541349
"G",52.8338205303,72.5518862725
"A",76.6667,75.2564
"M",68.856486669,43.084147214
"M",34.9213061465,35.4184380529
"D",69.5057889042,59.2849248279
"D",50.179850128,36.8075593352
"A",53.8462,10.2564
"I",NA,24.5644624921
"A",87.9487,46.0256
"G",54.222845621,19.503665544
"E",65.3715488709,42.6959713164
"L",65.198316667,33.0271717859
"I",64.8020094467,18.2168786335
"F",39.2067193308,51.5337156971
"D",69.5034574098,16.8783132661
"A",71.2821,22.9487
"E",76.8406924717,20.9185472197
"C",49.7494984129,10.4858029097
"G",68.9343694692,31.6198930866
"E",45.4229321817,69.0955016709
"G",59.7665303129,NA
"L",50.1145975193,1.74146171252
"D",69.5798670452,21.9352367455
"J",NA,85.499817612
"B",71.9650826544,17.7102359443
"K",40.1638157437,87.4486723469
"B",69.3595594592,65.5213545959
"B",55.138737967,30.7257603575
"C",24.2703823928,50.4855676918
"C",49.7869410649,89.6580469945
"B",41.6775957748,30.2012640846
"I",48.5622230047,78.7823835275
"D",50.0631041291,NA
"A",71.5385,60.641
"J",47.3154157773,12.853451784
"B",63.5149808671,25.1000785788
"F",77.3485716647,15.7745292395
"G",36.3827221955,25.2380052325
"H",NA,82.9353284131
"J",34.7505970472,80.0110909897
"I",NA,18.3971951223
"G",58.2100082697,68.0445380719
"G",78.0936590733,77.759558184
"C",98.2881232748,30.6039193719
"L",49.4527077733,79.9306028004
"H",77.2543883433,51.4618248152
"E",NA,75.3467016413
"L",62.3597662841,90.2436599196
"M",65.4372821806,15.5453860785
"J",62.8240245172,84.9661859507
"L",44.3005150328,58.1329592781
"C",57.049801823,10.5081369414
"H",49.9649053793,83.7083177013
"F",41.7402438167,17.8293243101
"I",52.6840664009,16.4079627826
"E",39.2392807768,79.2637238398
"C",84.405952832,50.4948658866
"H",75.8955770466,17.1699497051
"I",NA,78.997532065
"I",45.8703691685,17.4893933655
"E",42.3678224956,73.6382718294
"I",58.8391251216,16.6376352154
"D",50.4390920216,37.670771798
"C",95.2492339568,30.4594542144
"D",50.3334811097,43.588671479
"E",76.8885781632,72.1654720777
"E",54.1712415737,58.0598078952
"G",55.4065208295,80.2666719669
"M",64.2037185014,26.6441143003
"G",23.077319507,71.7205396747
"I",51.4734585149,NA
"C",40.816953133,50.4877601957
"J",NA,61.3426238695
"D",30.474634333,52.3221596388
"F",44.4438406096,36.0190833012
"K",60.6836260407,10.6326415569
"D",69.4875893963,81.8359875567
"M",NA,31.6639905316
"I",49.8384929905,16.6763302777
"A",65.8974,20.2564
"I",32.6442540714,70.7325550334
"L",45.4998576493,3.98542629287
"B",65.9708570175,72.7448559954
"E",40.7498793985,77.204657286
"B",64.4050752632,78.5841760758
"C",NA,50.4908995189
"A",33.0769,77.5641
"M",34.6445467746,54.4441077764
"G",NA,82.8179829379
"F",39.6615736653,15.609355577
"K",86.2562238205,55.8309303793
"K",68.6382807138,18.5080128963
"G",49.9675511775,28.4602033343
"L",47.4464667165,82.622124014
"M",66.388704175,38.8447443366
"J",NA,85.2366963264
"I",39.9213628084,NA
"J",37.0266294472,44.4622930512
"H",75.7593838168,16.9429296545
"K",95.2605278366,46.008830272
"J",63.1445274767,NA
"C",42.2241202189,30.4980371582
"G",70.3279291834,82.0293546968
"A",60.7692,33.718
"K",43.2867129203,43.0568603208
"H",50.5013965822,17.1057707188
"H",75.2443262052,83.9034973788
"K",43.8277089981,71.0470522123
"B",33.3393742865,NA
"C",58.2722785867,69.9002729578
"A",46.9231,79.8718
"M",74.1672717461,5.34988087254
"E",36.6055782383,15.748875885
"B",72.0463894612,12.9180067349
"B",77.3178020985,48.3983464352
"H",50.5648455577,17.0777773216
"I",66.0937201989,77.0178182606
"L",27.7140565712,42.2500516253
"E",41.2700565259,21.7218171465
"A",57.9487,99.4872
"H",50.4642248341,82.9353284131
"K",NA,47.8002988852
"H",52.5928183721,51.3915915185
"C",51.8202625467,89.8341303987
"I",54.7611561181,16.3661890954
"L",24.997482691,75.4415616626
"E",43.0812558617,75.3467016413
"B",42.9680469104,17.9454583961
"M",39.1143664549,96.4817513202
"K",50.7597410528,18.0893946004
"E",47.1427889348,32.0250641734
"B",74.1383313856,49.1739189791
"B",64.5682641863,83.6396338956
"M",28.5641377966,34.6263997171
"D",50.0163058346,16.2536847911
"I",56.475383374,79.1678400979
"C",51.8678937691,50.4932732621
"C",50.8784883796,10.5030898746
"E",63.4038060118,44.847493688
"B",50.8506336394,13.9876016304
"F",58.6722880025,90.077160307
"J",53.9803991821,29.3509867092
"J",54.7302890863,11.4128826732
"G",31.2218783581,26.4408557812
"I",37.6277032991,74.5575043418
"D",50.4467514196,57.2305889423
"M",67.0040223792,15.3458266393
"G",39.6482666468,22.7313663718
"I",32.542380336,NA
"J",64.8122375621,62.8109155873
"H",52.8811647904,50.6215547554
"C",57.3106968674,50.4825132895
"L",37.4770138847,63.7886855744
"H",50.9393039127,16.981021883
"C",37.0193512929,50.4926666972
"K",51.4339355233,99.2568672885
"M",75.3298157891,32.8303519164
"M",67.5934531877,90.9519098246
"K",58.9347650647,9.36920121911
"L",82.3041595613,46.9909036215
"D",NA,29.177864393
"K",NA,99.5795911254
"G",91.8083525691,34.9655944844
"M",68.6755160534,50.465234811
"M",35.4399436182,47.7975176939
"E",39.4311612098,19.3238407541
"K",47.6952008891,95.2411869282
"I",32.8314206076,24.7975381459
"M",66.7241920702,5.24980548075
"M",65.3096314498,98.1651568396
"D",30.4944213623,45.7734755346
"D",50.1084399725,18.2590443442
"A",NA,61.7949
"H",77.8640547124,49.6625455341
"I",36.0270912125,NA
"H",75.1982952889,83.4623033365
"D",30.4859942157,47.3479464653
"F",63.8689598271,70.2137388333
"K",52.2685616825,52.8052401961
"E",39.8783046498,18.3249292157
"K",85.8191629042,37.5713861819
"G",NA,68.1467563743
"K",45.3426531889,13.9088123935
"L",91.517847246,36.8902631263
"A",81.7949,60.2564
"C",38.0337837705,50.4908995189
"E",48.5306293681,34.1524500077
"M",27.9395185786,50.9850621313
"D",30.5048349283,28.7714879939
"F",78.7572361375,53.3326200111
"F",56.1713975295,32.1179887719
"M",37.8323600164,14.4694894463
"C",34.7542074707,30.4958650002
"E",36.4754991726,17.7189477884
"G",29.4368412489,67.5545281141
"E",80.18002545,19.0888441297
"G",62.7074541119,21.9955085787
"J",52.9920289667,9.90666848335
"C",NA,30.6039193719
"I",NA,17.2821912228
"L",28.5233910215,39.7966662481
"L",50.7132995657,48.7722867825
"C",64.9697382623,10.4821595117
"F",76.0580137544,16.3837496882
"C",41.1693104232,10.4973002433
"E",43.0812558617,NA
"D",69.5034745234,17.1690897689
"B",37.4884147432,NA
"F",27.5780252176,62.8210386566
"G",33.7970720433,28.6997507433
"F",69.8958192404,43.4537592655
"A",47.9487,NA
"I",51.4734585149,79.1598669963
"C",41.4171152753,50.4697734181
"A",79.7436,66.7949
"K",59.7160077628,11.5190968617
"H",75.3259785471,15.7718919896
"E",80.7662322969,NA
"F",56.5944213157,86.9270062202
"H",51.2509196468,17.2404558616
"B",74.2477082092,20.314187812
"B",72.1399254065,0.0151193251552
"E",72.6546231621,66.8782776113
"M",35.4833288685,44.4916349303
"K",56.5943646385,8.91734404523
"I",68.0856058616,76.1123175001
"K",55.4820563581,22.8274662445
"G",69.1952352018,22.709792166
"H",50.7521082559,82.9019500961
"F",28.088741319,63.5107944263
"K",51.6006241332,50.0324668853
"M",30.343361183,32.5245631742
"A",55.3846,86.0256
"A",44.1026,25.641
"M",36.286143052,17.1057707266
"C",43.588468468,89.7455365536
"G",25.9854996226,74.3493875478
"F",44.0013152386,33.9042073544
"E",53.3045031712,40.883844549
"C",51.8281274487,70.3526492053
"F",43.5951158622,19.9942009773
"F",44.0013152386,NA
"G",38.7318581261,83.7893564281
"L",65.2563927704,32.8541041237
"C",36.7537002386,50.5293043035
"L",58.9431665444,11.6128777918
"K",75.168667839,73.9004448762
"I",65.0259398087,18.2878245002
"M",35.5480948795,89.3049758407
"I",56.9258394194,79.2063186226
"C",52.2038939272,10.4956369212
"E",71.4829096934,34.6805169926
"B",65.2199135479,84.6829549336
"J",53.1013817819,84.5476586881
"L",40.0026592892,NA
"J",42.276332666,34.5276361236
"C",65.9493192681,50.494240794
"I",64.0102406778,17.9244781912
"B",63.2501970628,65.9524861966
"M",34.7318293093,19.6017950724
"E",34.2381100444,13.7131582305
"D",69.5048154243,15.6143582625
"G",61.0029597643,30.0153144324
"C",27.6340383923,50.5036668574
"M",62.7866325947,13.9189931024
"E",51.1003173587,38.095699984
"D",69.5506789842,9.03298756904
"L",79.806531301,52.7231797883
"M",38.714899408,76.3969778172
"F",58.7182307185,90.310532087
"D",69.5041565157,23.6689181006
"J",36.8943276507,47.7065559687
"D",NA,10.2358819024
"E",70.1180341426,36.4481847905
"M",65.570045691,23.7657582226
"G",42.8418426525,20.3339004396
"F",54.5757285877,77.5362884724
"F",58.2136082599,91.881891513
"E",75.9483006427,22.7447959146
"J",43.3685015447,84.3321772039
"A",64.8718,46.7949
"E",41.7873232275,83.9880779935
"J",62.0480325076,63.8458632494
"D",50.3374274859,57.9553142818
"H",27.5514782612,51.4873865306
"E",77.0522406385,27.9056390894
"G",58.5059100905,81.7455863409
"F",40.899259175,20.7985289466
"J",NA,29.9943911942
"H",77.9544350549,50.4755789715
"B",48.9604602016,72.6295257275
"I",NA,16.642703808
"D",50.0870583609,73.9518736268
"G",66.9907491546,17.2228706509
"G",37.1557104777,84.9541114129
"M",68.1914228192,45.1694864796
"E",52.1898883047,39.3677964938
"A",51.0256,44.1026
"H",50.7923547263,17.2042143387
"H",75.9618400861,16.6948422289
"B",29.3462004281,42.1487418312
"K",43.8563814822,94.0858717713
"J",NA,80.9712184346
"L",59.2034756073,41.2706776667
"I",82.0339084758,62.6818697859
"E",52.1319019406,39.3646020815
"G",56.4593711284,25.1445642082
"L",40.0026592892,27.4875100027
"H",51.1479167122,90.8674123313
"I",69.5135831574,20.2793578927
"A",76.6667,NA
"B",75.7719387944,69.8292300322
"B",62.3911805626,5.62307076073
"A",44.1026,NA
"B",42.1856791429,66.0348978235
"L",40.1237272008,30.0731619402
"M",40.6101254225,89.1362398699
"I",33.037301251,24.5644624921
"L",NA,34.9610381566
"C",54.8546309465,10.4639151924
"F",58.1960536923,92.2149886482
"C",34.7424714403,70.3399348879
"L",37.8391996844,94.359443503
"J",88.5305192041,30.4760310098
"D",50.4209091963,43.3479568967
"B",39.8112302539,NA
"M",66.1291498342,61.6437178853
"C",39.1102518936,30.4786951789
"A",NA,19.1026
"J",20.0245005746,61.3426238695
"I",82.0339084758,NA
"L",75.1396847343,54.2445521781
"B",64.3737979844,28.8625834061
"L",95.4434878077,36.1897016148
"H",27.8931727187,50.6619634101
"C",56.6189102967,50.5033740178
"B",74.0216939058,NA
"E",54.6362064446,57.4938424367
"D",NA,21.9352367455
"F",41.9686168283,26.4970725985
"I",84.7942778751,55.5686503735
"C",51.7490891643,30.4729933399
"L",76.5804513576,72.8915336827
"D",30.489569227,77.7298801366
"K",NA,93.075835032
"K",36.4658820182,NA
"K",55.044123361,83.5414106324
"I",58.5282895407,NA
"J",60.0922466078,11.8721117093
"M",31.3195486706,31.6639905316
"H",27.5304663693,51.4148465629
"M",75.0171368727,46.6224426489
"H",77.7564189331,51.1517703255
"M",30.7192619427,58.812060082
"E",36.7924815919,13.3921347304
"D",30.487391709,19.7794703733
"K",75.1415195918,73.8196684648
"I",25.5380076465,NA
"E",41.2090395008,24.1287091891
"H",52.1841801076,51.9752506714
"M",73.0273050243,46.2741878725
"D",89.5016235276,45.8151791904
"F",77.3381581659,15.890054658
"C",33.3652644305,70.4593354392
"G",29.7452539206,74.4045268347
"B",74.3001198284,42.4770945921
"L",85.1603321777,15.0183695439
"E",35.7518707905,94.1167680276
"F",76.1804165329,15.9125737458
"C",27.8918897953,30.4849702595
"E",36.0308797708,93.1217332374
"A",59.2308,38.3333
"K",63.5729393821,32.9386176053
"I",84.2868249936,57.2561680896
"G",47.3480185524,72.5916115408
"E",75.1077300904,30.0169834157
"A",29.7436,32.1795
"K",36.4658820182,35.5241876075
"L",66.1540050863,84.1119370252
"I",42.6810404129,18.5425361977
"F",44.0071499323,46.4496737846
"L",NA,84.1119370252
"K",42.6522509813,90.5606397307
"K",31.915519986,79.7904134869
"H",75.7465632023,17.1057165115
"G",40.8638552293,82.9261452983
"K",92.0175590822,39.9179311324
"F",28.5889998149,63.0240805653
"B",59.8518383854,72.9583909677
"L",NA,46.6535769763
"I",72.9590468722,22.5114998325
"A",85.1282,51.4103
"D",30.4995445502,49.3820997506
"L",50.4338611907,18.5348708515
"B",46.8448551673,36.7917136918
"I",51.4671011416,79.2018445773
"F",40.7489802561,16.1821416622
"C",68.4030100436,50.4986272318
"D",50.3522608355,12.4686005273
"I",50.5649338128,79.0772985529
"B",59.83218542,69.1525081443
"A",51.2821,14.8718
"C",52.9767123211,10.859490276
"F",77.8637264289,14.6106776491
"H",50.0694819181,83.0576695262
"L",56.3751090389,96.30514763
"I",53.8461940322,16.3873180961
"I",56.475383374,NA
"J",72.6699892655,15.2342259409
"B",39.7774828713,43.75581895
"H",50.5628463386,82.9378217764
"E",44.1890843708,28.772625473
"F",28.8113284396,61.3578540576
"A",55.1282,18.3333
"K",49.0701267502,48.8969446811
"K",34.2506117649,34.4415865654
"L",49.4527077733,NA
"F",57.27837287,89.9076067166
"G",50.157414434,71.1617258246
"A",64.359,24.1026
"M",34.8634441715,30.9392745218
"J",50.0164829541,11.9338520864
"L",35.4355325251,34.9610381566
"A",50,95.7692
"A",38.7179,31.4103
"M",NA,39.1209853231
"M",37.7953028026,93.5324553607
"G",85.161682187,65.5124047088
"I",55.9930301513,79.2772636977
"B",57.617447817,8.19480060319
"F",50.3399696652,26.4713966117
"K",59.0250770848,28.3220858801
"H",NA,17.2042143387
"E",64.3979095023,56.1748754008
"M",70.9626103129,86.5181213517
"K",55.2412969947,52.5935746267
"M",66.6992650902,18.5910853404
"G",50.8154853559,78.950838805
"H",51.014232955,17.2210955293
"H",52.3428220582,51.8619520908
"F",47.1554048146,22.3779325323
"F",57.4894477748,88.0852855629
"F",62.4901493154,74.5842896072
"F",40.3986329069,16.3470083822
"F",64.0280813016,27.6726855125
"B",71.6978651182,10.8681445111
"A",56.6667,42.1795
"K",28.0896176553,60.512212549
"I",53.5699050003,16.3397125506
"H",77.0844843669,51.9671367003
"M",69.0817099788,55.4740530987
"J",35.4695229971,43.1158849517
"H",50.8626843321,17.1456310914
"J",62.6912665406,30.2903738312
"F",43.300614891,31.5264261979
"D",69.5066843151,68.0844667893
"M",77.9158742329,NA
"C",70.810692254,89.5926540118
"A",57.4359,10.2564
"E",44.1249612057,23.3662452858
"B",42.4767923803,56.7312899691
"C",64.7747992444,90.132316736
"C",78.6424883907,89.5512032307
"J",63.1445274767,85.2366963264
"C",46.1276863394,30.4494107792
"H",50.422698058,82.9099014671
"A",45.3846,36.4103
"B",74.189036683,68.1335832223
"M",73.7420460836,39.1209853231
"M",37.1420429198,49.7419879519
"E",40.2220627884,20.6146217044
"A",44.8718,13.718
"D",30.489569227,NA
"D",NA,75.0132995059
"E",41.323383287,80.2118685969
"J",55.0519165396,11.9499886181
"K",60.600276471,59.7533088802
"I",34.5753090115,72.7248411845
"F",NA,63.389040388
"C",53.7489900744,10.5225745323
"J",77.7061096487,20.3042601852
"K",50.4441853247,78.1958883115
"H",27.6740833991,51.3041121452
"H",49.9903949511,83.997356924
"D",30.4648469308,82.0892320845
"F",41.5289197586,24.9164251896
"I",53.7714606827,79.3029316435
"D",50.4164772292,97.2696919618
"I",70.1028044999,75.6832068542
"M",64.99458547,49.4621728312
"G",55.571119732,17.369574581
"C",58.2465530013,50.4428744949
"J",36.4555695327,40.791843032
"H",50.6911241884,87.5139604241
"E",72.4093545935,33.0392569664
"I",65.3150439093,18.3337482986
"K",72.622209414,74.5269656511
"K",51.2623974761,49.6665051258
"A",48.2051,84.1026
"L",51.6422264225,50.8383406788
"L",55.7412443246,46.6535769763
"J",68.2572064402,12.3846391542
"E",39.4629598364,78.459973898
"I",62.6856712475,78.1747432719
"E",NA,23.3662452858
"D",50.3735188462,82.2192057218
"C",41.7797417848,50.4706422808
"E",NA,81.711479845
"F",44.0740606888,34.5532038906
"G",75.0925497814,83.4373907092
"B",65.953595185,31.1474060835
"E",76.7911300701,28.0720081685
"D",50.2879944267,12.8722822086
"B",39.9630215796,42.9449148487
"B",15.5607495229,80.0656402858
"L",50.7417190667,17.8384056087
"J",71.5390198495,45.5218061588
"E",80.5732729943,8.36563890168
"E",78.1285220512,23.139231835
"F",58.2216127264,90.4110187715
"I",70.9819409865,21.1458881039
"E",57.134855354,53.8779658045
"K",57.968981435,85.3560457326
"G",91.8874485924,34.7692538555
"E",46.6431192691,31.4072190618
"D",69.5101069302,61.3296244282
"L",31.3996460012,39.2652632229
"M",76.6653077326,38.440250966
"F",34.3039579069,56.5421259093
"K",68.8510215758,39.573434273
"A",38.7179,84.8718
"K",70.171457528,NA
"K",70.171457528,70.2822212385
"D",50.4382906648,92.3547602661
"E",50.9423823071,62.0973939351
"I",48.890555756,16.8065435154
"C",42.7131936166,10.4875472428
"A",61.7949,69.1026
"E",36.6592676972,17.6819644553
"D",50.253683689,NA
"F",44.0740606888,NA
"I",32.542380336,70.7024172063
"L",53.091704424,19.2900304453
"D",30.491302622,43.5613740753
"G",59.9670579092,26.8025832185
"D",30.4995061735,NA
"E",81.9504776395,19.8745582085
"B",39.3237560262,59.3008196656
"K",66.4313243161,36.5361097353
"K",90.3426345089,37.7803861004
"J",36.8943276507,NA
"J",61.503472503,10.8284144754
"I",52.8250171923,85.5781338795
"E",43.7446196844,71.2679610751
"I",47.549506348,17.0714045245
"J",62.8240245172,NA
"D",89.5010526463,43.3473436951
"K",42.6449829318,40.1543216386
"D",30.449653838,44.9951230008
"J",55.8637684939,85.3364867573
"E",34.4995583102,86.6099850511
"I",39.4855747899,20.0330500489
"B",45.2515760666,70.0034213192
"A",71.2821,10.641
"I",56.3651532552,16.3265463742
"B",78.7742390407,35.4841012146
"E",39.9316746322,79.9391880033
"M",72.9981862717,NA
"D",49.919058249,3.7168538855
"M",64.601818107,12.0019169643
"G",63.0652438592,34.2357465852
"K",65.0059431717,15.9126686464
"H",50.6998506392,17.0851843836
"B",NA,60.0275120878
"E",77.0522406385,NA
"M",63.9100640599,62.9723349305
"H",75.7010415321,82.9194588559
"C",70.7864511597,10.5136950409
"G",59.0007586238,21.1710074885
"J",20.4089478892,32.2030304205
"M",67.0733217806,6.04921458162
"J",23.4957104659,25.3224681542
"L",50.309988715,47.2678818553
"D",50.2888186122,13.436410466
"D",30.5116612138,66.0937181831
"L",56.3803054046,14.7884597101
"B",67.6707164012,37.110947969
"C",56.2338756577,89.635308157
"G",55.9528886329,16.7897576048
"A",89.4872,42.5641
"G",66.9416766634,18.2435093914
"B",74.7411813341,21.1016372041
"M",NA,32.1184816794
"A",48.7179,11.0256
"M",27.4396322054,65.7444629564
"E",40.622115916,NA
"B",45.5964849542,NA
"L",59.3109904219,10.5721363739
"C",69.9647805002,10.5072329326
"B",35.0306285457,12.5366493416
